title;author;description;url
How to Win Friends and Influence People;Dale Carnegie; Do you feel stuck in life, not knowing how to make it more successful? Do you wish to become more popular? Are you craving to earn more? Do you wish to expand your horizon, earn new clients and win people over with your ideas? How to Win Friends and Influence People is a well-researched and comprehensive guide that will help you through these everyday problems and make success look easier. You can learn to expand your social circle, polish your skill set, find ways to put forward your thoughts more clearly, and build mental strength to counter all hurdles that you may come across on the path to success. Having helped millions of readers from the world over achieve their goals, the clearly listed techniques and principles will be the answers to all your questions.  ;https://www.google.com/books/edition/How_to_Win_Friends_and_Influence_People/hCf-DwAAQBAJ?hl=en&gbpv=0
IT'S ALL IN YOUR HEAD;Russ;Instant National Bestseller! Wall Street Journal bestseller; USA Today bestseller; Publishers Weekly bestseller; international bestseller.An inspirational book by self-made musical superstar, Russ, reminding you that it starts with YOU, to believe in yourself, and to get out of your own way.  Twenty-seven-year-old rapper, songwriter, and producer Russ walks his own path, at his own pace. By doing so, he proved that he didn’t need a major label to surpass over a billion streams on Spotify/Apple Music, get on Forbes’ 2019 “30 Under 30,” make the Forbes‘ “30 Under 30 Cash Kings” at number 20 for most earned, sell out arenas across the U.S. and around the globe, and become one of the most popular and engaged rappers right now. His method was simple: love and believe in yourself absolutely and work hard no matter what. In this memoir, Russ inspires readers to walk to their individual rhythms and beat their biggest obstacles: themselves. With chapters named after his most powerful and popular songs, IT'S ALL IN YOUR HEAD will reflect on the lessons he’s learned from his career, family, and relationships. He’ll push readers to bet on themselves, take those leaps of faith, and recognize struggles as opportunities. With illustrations throughout consistent with the brand Russ has built and his fan base loves, IT'S ALL IN YOUR HEAD will give readers an inside-look at the man and the motivation behind the music. A lover of books like The Alchemist and The Seven Spiritual Laws of Success, Russ delivers a short, potent, inspirational, raw, and honest book that gives readers a way to find self-belief and unlock their potential. Fans already rely on Russ as an inspiration of confidence; now, he is taking it to the next level with this book, which will contain lyrics from his music and visuals that reflect his inimitable style.;https://www.google.com/books/edition/IT_S_ALL_IN_YOUR_HEAD/QmiZDwAAQBAJ?hl=en&gbpv=0
Das Café am Rande der Welt: eine Erzählung über den Sinn des Lebens;John P. Strelecky;Eine Nacht im "Café der Fragen" verändert das Leben: Ein kleines Café mitten im Nirgendwo wird zum Wendepunkt eines Lebens. John, Werbemanager und immer in Eile, will eigentlich nur kurz Rast machen, doch dann entdeckt er auf der Speisekarte neben dem Menü drei Fragen: "Warum bist du hier? Hast du Angst vor dem Tod? Führst du ein erfülltes Leben?". Neugierig geworden lässt sich John auf ein großes Abenteuer ein: die Reise zum eigenen Ich.;https://www.google.com/books/edition/Das_Caf%C3%A9_am_Rande_der_Welt/YtimoAEACAAJ?hl=en
The Power of Your Subconscious Mind: Unlock the Secrets Within;Joseph Murphy; Here is the complete, original text of the millions-selling self- help guide that reveals your invisible power to attain any goal-paired with a compelling bonus work, How to Attract Money.  The Power of Your Subconscious Mind, one of the most beloved and bestselling inspirational guides of all time, shows how changing your thought patterns can produce dramatic improvements in your life. Using practical, easy-to-understand techniques and real-world case studies, Dr. Joseph Murphy reveals the vast influences of the subconscious mind on all aspects of existence-money, relationships, jobs, happiness-and how you can apply and direct its power to achieve your goals and dreams.  A life-changing classic since its initial publication in 1963, The Power of Your Subconscious Mind has opened millions of readers to the unseen force within them. Now, the fully intact, original text is redesigned and repackaged in this affordable, handsome volume-which also features one of Murphy's most irresistible works, How to Attract Money. This is the flagship edition of a self-help landmark.;https://www.google.de/books/edition/The_Power_of_Your_Subconscious_Mind/0QSZTMRBODkC?hl=en&gbpv=0
The Richest Man in Babylon;George Samuel Clason;This book holds the secrets to acquiring money, keeping money, and making money earn more money. Copyright © Libri GmbH. All rights reserved.;https://www.google.de/books/edition/_/UjFpOOm1zwMC?hl=en&gbpv=0&bsq=the%20richest%20man%20in%20babylon
The Subtle Art of Not Giving a F*ck: A Counterintuitive Approach to Living a ...;Mark Manson;#1 New York Times Bestseller • More than 10 million Copies SoldIn this generation-defining self-help guide, a superstar blogger cuts through the crap to show us how to stop trying to be "positive" all the time so that we can truly become better, happier people.For decades, we’ve been told that positive thinking is the key to a happy, rich life. "F**k positivity," Mark Manson says. "Let’s be honest, shit is f**ked and we have to live with it." In his wildly popular Internet blog, Manson doesn’t sugarcoat or equivocate. He tells it like it is—a dose of raw, refreshing, honest truth that is sorely lacking today. The Subtle Art of Not Giving a F**k is his antidote to the coddling, let’s-all-feel-good mindset that has infected modern society and spoiled a generation, rewarding them with gold medals just for showing up.Manson makes the argument, backed both by academic research and well-timed poop jokes, that improving our lives hinges not on our ability to turn lemons into lemonade, but on learning to stomach lemons better. Human beings are flawed and limited—"not everybody can be extraordinary, there are winners and losers in society, and some of it is not fair or your fault." Manson advises us to get to know our limitations and accept them. Once we embrace our fears, faults, and uncertainties, once we stop running and avoiding and start confronting painful truths, we can begin to find the courage, perseverance, honesty, responsibility, curiosity, and forgiveness we seek.There are only so many things we can give a f**k about so we need to figure out which ones really matter, Manson makes clear. While money is nice, caring about what you do with your life is better, because true wealth is about experience. A much-needed grab-you-by-the-shoulders-and-look-you-in-the-eye moment of real-talk, filled with entertaining stories and profane, ruthless humor, The Subtle Art of Not Giving a F*ck is a refreshing slap for a generation to help them lead contented, grounded lives.;https://www.google.de/books/edition/The_Subtle_Art_of_Not_Giving_a_F_ck/yng_CwAAQBAJ?hl=en&gbpv=0
Atomic Habits: The life-changing million-copy #1 bestseller;James Clear;***COMING 9TH DECEMBER 2025 - THE ATOMIC HABITS WORKBOOK: OFFICIAL COMPANION TO THE #1 WORLDWIDE BESTSELLER. PREORDER NOW***THE PHENOMENAL INTERNATIONAL BESTSELLER: OVER 25 MILLION COPIES SOLD WORLDWIDETransform your life with tiny changes in behaviour, starting now.People think that when you want to change your life, you need to think big. But world-renowned habits expert James Clear has discovered another way. He knows that real change comes from the compound effect of hundreds of small decisions: doing two push-ups a day, waking up five minutes early, or holding a single short phone call.He calls them atomic habits.In this ground-breaking book, Clears reveals exactly how these minuscule changes can grow into such life-altering outcomes. He uncovers a handful of simple life hacks (the forgotten art of Habit Stacking, the unexpected power of the Two Minute Rule, or the trick to entering the Goldilocks Zone), and delves into cutting-edge psychology and neuroscience to explain why they matter. Along the way, he tells inspiring stories of Olympic gold medalists, leading CEOs, and distinguished scientists who have used the science of tiny habits to stay productive, motivated, and happy.These small changes will have a revolutionary effect on your career, your relationships, and your life.________________________________A NEW YORK TIMES AND SUNDAY TIMES BESTSELLER'A supremely practical and useful book.' Mark Manson, author of The Subtle Art of Not Giving A F*ck'James Clear has spent years honing the art and studying the science of habits. This engaging, hands-on book is the guide you need to break bad routines and make good ones.' Adam Grant, author of Originals'Atomic Habits is a step-by-step manual for changing routines.' Books of the Month, Financial Times'A special book that will change how you approach your day and live your life.' Ryan Holiday, author of The Obstacle is the Way;https://www.google.de/books/edition/Atomic_Habits/fFCjDQAAQBAJ?hl=en&gbpv=0
Minimalism: Live a Meaningful Life;Joshua Fields Millburn, Ryan Nicodemus;Minimalism is the thing that gets us past the things so we can make room for life&#39;s most important things—which actually aren&#39;t things at all.At age 30, best friends Joshua Fields Millburn &amp; Ryan Nicodemus walked away from their six-figure corporate careers, jettisoned most of their material possessions, and started focusing on what&#39;s truly important.In their debut book, Joshua &amp; Ryan, authors of the popular website The Minimalists, explore their troubled pasts and descent into depression. Though they had achieved the American Dream, they worked ridiculous hours, wastefully spent money, and lived paycheck to paycheck. Instead of discovering their passions, they pacified themselves with ephemeral indulgences—which only led to more debt, depression, and discontent. After a pair of life-changing events, Joshua &amp; Ryan discovered minimalism, allowing them to eliminate their excess material things so they could focus on life&#39;s most important &quot;things&quot;: health, relationships, passion, growth, and contribution.;https://www.google.de/books/edition/Minimalism_Live_a_Meaningful_Life/rTRJAwAAQBAJ?hl=en&gbpv=0
Ultralearning: Master Hard Skills, Outsmart the Competition, and Accelerate ...;Scott H. Young;Now a Wall Street Journal bestseller.Learn a new talent, stay relevant, reinvent yourself, and adapt to whatever the workplace throws your way. Ultralearning offers nine principles to master hard skills quickly. This is the essential guide to future-proof your career and maximize your competitive advantage through self-education.In these tumultuous times of economic and technological change, staying ahead depends on continual self-education—a lifelong mastery of fresh ideas, subjects, and skills. If you want to accomplish more and stand apart from everyone else, you need to become an ultralearner. The challenge of learning new skills is that you think you already know how best to learn, as you did as a student, so you rerun old routines and old ways of solving problems. To counter that, Ultralearning offers powerful strategies to break you out of those mental ruts and introduces new training methods to help you push through to higher levels of retention. Scott H. Young incorporates the latest research about the most effective learning methods and the stories of other ultralearners like himself—among them Benjamin Franklin, chess grandmaster Judit Polgár, and Nobel laureate physicist Richard Feynman, as well as a host of others, such as little-known modern polymath Nigel Richards, who won the French World Scrabble Championship—without knowing French. Young documents the methods he and others have used to acquire knowledge and shows that, far from being an obscure skill limited to aggressive autodidacts, ultralearning is a powerful tool anyone can use to improve their career, studies, and life. Ultralearning explores this fascinating subculture, shares a proven framework for a successful ultralearning project, and offers insights into how you can organize and exe - cute a plan to learn anything deeply and quickly, without teachers or budget-busting tuition costs.Whether the goal is to be fluent in a language (or ten languages), earn the equivalent of a college degree in a fraction of the time, or master multiple tools to build a product or business from the ground up, the principles in Ultralearning will guide you to success.;https://www.google.de/books/edition/Ultralearning/jyV2DwAAQBAJ?hl=en&gbpv=0
Sorge dich nicht;lebe! Neu: Die Kunst, zu einem von Ängsten und ...;In diesem Buch greift Dale Carnegie eines der wichtigsten Themen unserer Zeit auf - die alltäglichen Ängste und Sorgen, die uns an der Entfaltung unserer Möglichkeiten hindern und die es uns so schwer machen, einfach glücklich zu sein und den Tag mit Selbstvertrauen und Zuversicht zu beginnen. Die Grundsätze für ein unbesorgteres Leben, die Dale Carnegie hier aufstellt, sind anregend, für jeden Menschen nachvollziehbar und - sie lassen sich wirklich in die Praxis umsetzen. Diese Buch hilft Ihnen - sich das Sorgen abzugewöhnen, ehe es einen zugrunde richtet - zu einer Lebenseinstellung zu gelangen, die Frieden und Glück bringt - mit der Kritik anderer fertig zu werden - geistig und körperlich auf der Höhe zu bleiben - sich selbst zu finden - Trübsinn in wenigen Tagen zu heilen - an vielen Beispielen zu erkennen, was der Wille des Menschen vermag - das Leben positiv zu verändern;https://www.google.de/books/edition/Sorge_dich_nicht_lebe_Neu/5F9rAgAAQBAJ?hl=en&gbpv=0
The Concise Laws of Human Nature;Robert Greene;The concise edition of the 2019 WINNER OF THE INTERNATIONAL BUSINESS BOOK AWARD  From the million-copy bestselling author of The 48 Laws of Power Robert Greene is a master guide for millions of readers, distilling ancient wisdom and philosophy into essential texts for seekers of power, understanding and mastery. Now he turns to the most important subject of all - understanding people's drives and motivations, even when they are unconscious of them themselves. We are social animals. Our very lives depend on our relationships with people. Knowing why people do what they do is the most important tool we can possess, without which our other talents can only take us so far. Drawing from the ideas and examples of Pericles, Queen Elizabeth I, Martin Luther King Jr, and many others, Greene teaches us how to detach ourselves from our own emotions and master self-control, how to develop the empathy that leads to insight, how to look behind people's masks, and how to resist conformity to develop your singular sense of purpose. Whether at work, in relationships, or in shaping the world around you, The Concise Laws of Human Nature offers brilliant tactics for success, self-improvement, and self-defence.;https://www.google.de/books/edition/The_Concise_Laws_of_Human_Nature/geqQDwAAQBAJ?hl=en&gbpv=0
Steal Like an Artist 10th Anniversary Gift Edition with a New Afterword by ...;Austin Kleon;Celebrate the 10th anniversary of a groundbreaking book on creativity with this limited anniversary hardcover, with a new afterword, color endpapers pulled from Austin Kleon’s sketchbooks, and a ribbon marker.   Ten years after its initial publication, the message of Steal Like an Artist remains powerful: embrace influence, follow interests wherever they take us, forget old clichés like writing about what you know—instead, write the book that you want to read, make the movie you want to watch. And above all, find the space you need to be wild and daring in your imagination and your work.   This 10th anniversary edition includes a new afterword by the author, discussing the book’s influence and how “stealing” has been misunderstood, and offering a unique, personal perspective on a book that’s touched so many.  Unlock your creativitySteal like an artist.Don’t wait until you know who you are to get started.Write the book you want to read.Use your hands.Side projects and hobbies are important.The secret: Do good work and share it with people.Geography is no longer our master.Be nice. (The world is a small town.)Be boring. (It’s the only way to get work done.)Creativity is subtraction.    ;https://www.google.de/books/edition/Steal_Like_an_Artist_10th_Anniversary_Gi/BeBCEAAAQBAJ?hl=en
Why We Sleep: Unlocking the Power of Sleep and Dreams;Matthew Walker;“Why We Sleep is an important and fascinating book…Walker taught me a lot about this basic activity that every person on Earth needs. I suspect his book will do the same for you.” —Bill Gates A New York Times bestseller and international sensation, this “stimulating and important book” (Financial Times) is a fascinating dive into the purpose and power of slumber.Sleep is one of the most important but least understood aspects of our life, wellness, and longevity. Until very recently, science had no answer to the question of why we sleep, or what good it served, or why we suffer such devastating health consequences when we don't sleep. Compared to the other basic drives in life—eating, drinking, and reproducing—the purpose of sleep remained elusive.  An explosion of scientific discoveries in the last twenty years has shed new light on this fundamental aspect of our lives. Now, preeminent neuroscientist and sleep expert Matthew Walker gives us a new understanding of the vital importance of sleep and dreaming. Within the brain, sleep enriches our ability to learn, memorize, and make logical decisions. It recalibrates our emotions, restocks our immune system, fine-tunes our metabolism, and regulates our appetite. Dreaming mollifies painful memories and creates a virtual reality space in which the brain melds past and present knowledge to inspire creativity.  Walker answers important questions about sleep: how do caffeine and alcohol affect sleep? What really happens during REM sleep? Why do our sleep patterns change across a lifetime? How do common sleep aids affect us and can they do long-term damage? Charting cutting-edge scientific breakthroughs, and synthesizing decades of research and clinical practice, Walker explains how we can harness sleep to improve learning, mood, and energy levels; regulate hormones; prevent cancer, Alzheimer’s, and diabetes; slow the effects of aging; increase longevity; enhance the education and lifespan of our children, and boost the efficiency, success, and productivity of our businesses. Clear-eyed, fascinating, and accessible, Why We Sleep is a crucial and illuminating book.;https://www.google.de/books/edition/Why_We_Sleep/ZlU3DwAAQBAJ?hl=en&gbpv=0
The Almanack of Naval Ravikant: A Guide to Wealth and Happiness;Eric Jorgenson;Getting rich is not just about luck; happiness is not just a trait we are born with. These aspirations may seem out of reach, but building wealth and being happy are skills we can learn.So what are these skills, and how do we learn them? What are the principles that should guide our efforts? What does progress really look like?  Naval Ravikant is an entrepreneur, philosopher, and investor who has captivated the world with his principles for building wealth and creating long-term happiness.  The Almanack of Naval Ravikant is a collection of Naval’s wisdom and experience from the last ten years, shared as a curation of his most insightful interviews and poignant reflections.  This isn’t a how-to book, or a step-by-step gimmick. Instead, through Naval’s own words, you will learn how to walk your own unique path toward a happier, wealthier life.  This book has been created as a public service. It is available for free download in pdf and e-reader versions on Navalmanack.com. Naval is not earning any money on this book. Naval has essays, podcasts and more at Nav.al and is on Twitter @Naval.;https://www.google.de/books/edition/The_Almanack_of_Naval_Ravikant/T0FgEQAAQBAJ?hl=en&gbpv=0
Antonio im Wunderland: Roman;Jan Weiler;Der sizilianische Gastarbeiter Antonio Marcipane hat alles erreicht: Er besitzt ein Reiheneckhaus, ein schönes Auto und vier Dutzend Krawatten. Seine Töchter haben deutsche Männer geheiratet, jetzt wartet eigentlich das entspannte Rentnerdasein auf ihn. Wenn da nicht noch ein unerfüllter Traum wäre: Amerika. Und sein Schwiegersohn muss mit.;https://www.google.de/books/edition/Antonio_im_Wunderland/soy1EAAAQBAJ?hl=en&gbpv=0
How to Think Like an Entrepreneur;Philip Delves Broughton;Having the drive, ambition and inspiration to start a new business takes a particular mindset - no wonder we regard successful entrepreneurs as modern-day magic-makers. But what if that spirit and drive were applied outside the world of business startups? An entrepreneur seeks to build something from nothing; to take an inspired idea and make it a reality. How to Think Like an Entrepreneur explores what it takes to be a successful entrepreneur - the ability to disrupt the status quo, use design thinking to generate fresh perspectives, build resilience and leap forward from failure - and ultimately lead us to the heart of great entrepreneurial thinking; an understanding of our deepest human needs. By harnessing the passion, verve and creative thinking of an entrepreneur, you can improve your business and your life and relationships beyond it.;https://www.google.de/books/edition/How_to_Think_Like_an_Entrepreneur/zF_ZCQAAQBAJ?hl=en&gbpv=0
Offene See: Roman;Benjamin Myers;Ausgezeichnet als »Lieblingsbuch der Unabhängigen« 2020! Eine zeitlose und geradezu zärtliche Geschichte über die Bedeutung und Kraft menschlicher Beziehungen Der junge Robert weiß schon früh, dass er wie alle Männer seiner Familie Bergarbeiter sein wird. Dabei ist ihm Enge ein Graus. Er liebt Natur und Bewegung, sehnt sich nach der Weite des Meeres. Daher beschließt er kurz nach dem Zweiten Weltkrieg, sich zum Ort seiner Sehnsucht, der offenen See, aufzumachen. Fast am Ziel angekommen, lernt er eine ältere Frau kennen, die ihn auf eine Tasse Tee in ihr leicht heruntergekommenes Cottage einlädt. Eine Frau wie Dulcie hat er noch nie getroffen: unverheiratet, allein lebend, unkonventionell, mit sehr klaren und für ihn unerhörten Ansichten zu Ehe, Familie und Religion. Aus dem Nachmittag wird ein längerer Aufenthalt, und Robert lernt eine ihm vollkommen unbekannte Welt kennen. In den Gesprächen mit Dulcie wandelt sich sein von den Eltern geprägter Blick auf das Leben. Als Dank für ihre Großzügigkeit bietet er ihr seine Hilfe rund um das Cottage an. Doch als er eine wild wuchernde Hecke stutzen will, um den Blick auf das Meer freizulegen, verbietet sie das barsch. Ebenso ablehnend reagiert sie auf ein Manuskript mit Gedichten, das Robert findet. Gedichte, die Dulcie gewidmet sind, die sie aber auf keinen Fall lesen will. Enthält eine exklusive Leseprobe aus 'Strandgut', dem neuen großen Roman von Benjamin Myers, der am 17. Juni 2025 erscheint!;https://books.google.com/books/about/Offene_See.html?id=p3nADwAAQBAJ&source=kp_book_description&redir_esc=y
Outliers: The Story of Success;Malcolm Gladwell;From the bestselling author of Blink and The Tipping Point, Malcolm Gladwell's Outliers: The Story of Success overturns conventional wisdom about genius to show us what makes an ordinary person an extreme overachiever.Why do some people achieve so much more than others? Can they lie so far out of the ordinary?In this provocative and inspiring book, Malcolm Gladwell looks at everyone from rock stars to professional athletes, software billionaires to scientific geniuses, to show that the story of success is far more surprising, and far more fascinating, than we could ever have imagined.He reveals that it's as much about where we're from and what we do, as who we are - and that no one, not even a genius, ever makes it alone. Outliers will change the way you think about your own life story, and about what makes us all unique.'Gladwell is not only a brilliant storyteller; he can see what those stories tell us, the lessons they contain' Guardian'Malcolm Gladwell is a global phenomenon ... he has a genius for making everything he writes seem like an impossible adventure' Observer 'He is the best kind of writer - the kind who makes you feel like you're a genius, rather than he's a genius' The Times;https://www.google.de/books/edition/Outliers/ialrgIT41OAC?hl=en&gbpv=0
The Psychology of Money: Timeless lessons on wealth, greed, and happiness;Morgan Housel;Doing well with money isn’t necessarily about what you know. It’s about how you behave. And behavior is hard to teach, even to really smart people.Money—investing, personal finance, and business decisions—is typically taught as a math-based field, where data and formulas tell us exactly what to do. But in the real world people don’t make financial decisions on a spreadsheet. They make them at the dinner table, or in a meeting room, where personal history, your own unique view of the world, ego, pride, marketing, and odd incentives are scrambled together.In The Psychology of Money, award-winning author Morgan Housel shares 19 short stories exploring the strange ways people think about money and teaches you how to make better sense of one of life’s most important topics.;https://www.google.de/books/edition/The_Psychology_of_Money/TnrrDwAAQBAJ?hl=en&gbpv=0
12 Months to $1 Million: How to Pick a Winning Product, Build a Real ...;Ryan Daniel Moran;This is the road map to a seven-figure business . . . in one year or less The word "entrepreneur" is today's favorite buzzword, and any aspiring business owner has likely encountered an overwhelming number of so-called "easy paths to success."  The truth is that building a real, profitable, sustainable business requires thousands of hours of commitment, grit, and hard work. It's no wonder why more than half of new businesses close within six years of opening, and fewer than 5 percent will ever earn more than $1 million annually. 12 Months to $1 Million condenses the startup phase into one fast-paced year that has helped hundreds of new entrepreneurs hit the million-dollar level by using an exclusive and foolproof formula.  By cutting out the noise and providing a clear and proven plan, this roadmap helps even brand-new entrepreneurs make decisions quickly, get their product up for sale, and launch it to a crowd that is ready and waiting to buy.  This one-year plan will guide you through the three stages to your first $1 million:   The Grind (Months 0-4): This step-by-step plan will help you identify a winning product idea, target customers that are guaranteed to buy, secure funding, and take your first sale within your first four months.    The Growth (Months 5 - 8): Once you're in business, you will discover how to use cheap and effective advertising strategies to get your product to at least 25 sales per day, so you can prove you have a profitable business.    The Gold (Months 9-12): It's time to establish series of products available for sale, until you are averaging at least 100 sales per day, getting you closer to the million-dollar mark every single day. Through his training sessions at Capitalism.com, Ryan Daniel Moran has helped new and experienced entrepreneurs launch scalable and sustainable online businesses. He's seen more than 100 entrepreneurs cross the seven-figure barrier, many of whom go on to sell their businesses.  If your goal is to be a full-time entrepreneur, get ready for one chaotic, stressful, and rewarding year. If you have the guts to complete it, you will be the proud owner of a million-dollar business and be in a position to call your own shots for life.;https://www.google.de/books/edition/12_Months_to_1_Million/uwO5DwAAQBAJ?hl=en&gbpv=0
Kopf schlägt Kapital: Die ganz andere Art, ein Unternehmen zu gründen;Von ...;Viele glauben zu wissen, wie es geht. Wenige tun es wirklich. Noch weniger sind damit erfolgreich. Etwas ist falsch an der Art, wie wir versuchen Unternehmen zu gründen. Dabei geht es auch ganz anders: Ein Ideen-Kunstwerk schaffen und das eigene Unternehmen aus vorhandenen, jedermann zugänglichen Komponenten zusammensetzen. Den Kopf freihalten für die wichtigen Fragen. Den Horizont im Auge behalten, statt in den Alltagsanforderungen unterzugehen. Nur ein schöner Traum? Keineswegs. Wer heute erfolgreich gründen will, muss sogar so vorgehen. Günter Faltin zeigt an vielen Beispielen, wie jeder ganz praktisch an eigenen Ideen arbeiten kann, sie wie ein Puzzle kombiniert und daraus etwas Neues schafft - das eigene Unternehmen. Je unkonventioneller man denkt, um so besser! Buchhaltung und Rechnungswesen? Sollte ein Gründer denen überlassen, die das schnell, zuverlässig und zu niedrigen Preisen erledigen. Versand, Verpackung und Logistik? Auch dafür gibt es Profis. Günter Faltin lehrt seine Methode seit vielen Jahren - und ist damit sehr erfolgreich: Die von ihm gegründete "Teekampagne" funktioniert nach diesem Modell: Sie hat mehr als 180.000 Kunden, ist das größte Teeversandhaus Deutschlands und der größte Importeur von Darjeeling-Tee weltweit. Eine ganze Reihe weiterer Unternehmen, die im Umfeld des Hochschullehrers entstanden, wenden seine Prinzipien erfolgreich an. Dieses Buch ist die Chance für Menschen mit Ideen, die engagiert sind, die etwas verbessern wollen.;https://www.google.de/books/edition/Kopf_schl%C3%A4gt_Kapital/QrNPAgAAQBAJ?hl=en&gbpv=0
Schnelles Denken, langsames Denken: Thinking Fast and Slow: Der Bestseller ...;Daniel Kahneman;Der Weltbestseller, der das Denken von Millionen Menschen verändert hat - jetzt als hochwertige ErfolgsausgabeDieses Buch hat die Welt erobert und die Art und Weise, wie wir über unser Verhalten nachdenken, revolutioniert. Ein Kompass für den Alltag, ein Handbuch für Entscheider - ein Bestseller, der von einer jüngeren Generation immer wieder aufs Neue entdeckt wird.Wie treffen wir unsere Entscheidungen? Warum ist Zögern ein überlebensnotwendiger Reflex, und warum ist es so schwer zu wissen, was uns in der Zukunft glücklich macht? Daniel Kahneman, Nobelpreisträger und einer der einflussreichsten Wissenschaftler der Gegenwart, zeigt anhand ebenso nachvollziehbarer wie verblüffender Beispiele, welchen mentalen Mustern wir folgen und wie wir uns gegen verhängnisvolle Fehlentscheidungen wappnen können.Der Weltbestseller jetzt in einer hochwertigen Erfolgsausgabe: Eine Million verkaufte Exemplare der deutschsprachigen Ausgabe!;https://www.google.de/books/edition/Schnelles_Denken_langsames_Denken/4tV9qDT0CpoC?hl=en&gbpv=0
Der kleine Garten am Meer: Eine Erzählung darüber, was im Leben wirklich zählt;Claus Mikosch;Willkommen im Garten des Lebens!Niklas, Anfang 30, gerade arbeitslos geworden und irgendwie entwurzelt, entscheidet sich für eine Auszeit in Andalusien. Dort begegnet er Señor Gonzalez, einem alten Gärtner, der seit Jahrzehnten Gemüse auf natürliche Weise anbaut, »immer mit der Natur als Freund und Gehilfe«. Zuerst besucht Niklas den alten Mann hin und wieder, dann hilft er ihm täglich einige Stunden bei der Gartenarbeit. Dabei lernt Niklas nicht nur etwas über den Anbau von Tomaten, sondern vor allem etwas über Gelassenheit und Achtsamkeit. Señor Gonzalez, sein Wissen und seine Weisheit öffnen Niklas die Augen und helfen ihm, sein Leben neu auszurichten.Dieses Buch wurde bereits unter dem Titel »Señor Gonzalez und der Garten des Lebens« veröffentlicht.;https://www.google.com/books/edition/Der_kleine_Garten_am_Meer/TZiRDwAAQBAJ?hl=en&gbpv=0
So Good They Can't Ignore You;Cal Newport;Cal Newport's clearly-written manifesto flies in the face of conventional wisdom by suggesting that it should be a person's talent and skill - and not necessarily their passion - that determines their career path. Newport, who graduated from Dartmouth College (Phi Beta Kappa) and earned a PhD. from MIT, contends that trying to find what drives us, instead of focusing on areas in which we naturally excel, is ultimately harmful and frustrating to job seekers.The title is a direct quote from comedian Steve Martin who, when once asked why he was successful in his career, immediately replied: "Be so good they can't ignore you" and that's the main basis for Newport's book. Skill and ability trump passion. Inspired by former Apple CEO Steve Jobs' famous Stanford University commencement speech in which Jobs urges idealistic grads to chase their dreams, Newport takes issue with that advice, claiming that not only is thsi advice Pollyannish, but that Jobs himself never followed his own advice.From there, Newport presents compelling scientific and contemporary case study evidence that the key to one's career success is to find out what you do well, where you have built up your 'career capital,' and then to put all of your efforts into that direction.;https://www.google.de/books/edition/So_Good_They_Can_t_Ignore_You/g13ZDAAAQBAJ?hl=en&gbpv=0
Contagious: Why Things Catch On;Jonah Berger;The New York Times bestseller that explains why certain products and ideas become popular.  “Jonah Berger knows more about what makes information ‘go viral’ than anyone in the world.” —Daniel Gilbert, author of the bestseller Stumbling on HappinessWhat makes things popular? If you said advertising, think again. People don’t listen to advertisements, they listen to their peers. But why do people talk about certain products and ideas more than others? Why are some stories and rumors more infectious? And what makes online content go viral? Wharton marketing professor Jonah Berger has spent the last decade answering these questions. He’s studied why New York Times articles make the paper’s own Most E-mailed list, why products get word of mouth, and how social influence shapes everything from the cars we buy to the clothes we wear to the names we give our children. In Contagious, Berger reveals the secret science behind word-of-mouth and social transmission. Discover how six basic principles drive all sorts of things to become contagious, from consumer products and policy initiatives to workplace rumors and YouTube videos. Learn how a luxury steakhouse found popularity through the lowly cheesesteak, why anti-drug commercials might have actually increased drug use, and why more than 200 million consumers shared a video about one of the most boring products there is: a blender. Contagious provides specific, actionable techniques for helping information spread—for designing messages, advertisements, and content that people will share. Whether you’re a manager at a big company, a small business owner trying to boost awareness, a politician running for office, or a health official trying to get the word out, Contagious will show you how to make your product or idea catch on.;https://www.google.de/books/edition/Contagious/uyEODAAAQBAJ?hl=en&gbpv=0
Kurze Antworten auf große Fragen: SPIEGEL-Bestseller;Stephen Hawking;SPIEGEL BESTSELLER  Stephen Hawkings Vermächtnis  In seinem letzten Buch gibt Stephen Hawking Antworten auf die drängendsten Fragen unserer Zeit und nimmt uns mit auf eine persönliche Reise durch das Universum seiner Weltanschauung. Seine Gedanken zu Ursprung und Zukunft der Menschheit sind zugleich eine Mahnung, unseren Heimatplaneten besser vor den Gefahren unserer Gegenwart zu schützen. Zugänglich und klar finden Sie in diesem Buch Hawkings Antworten auf die drängendsten Fragen unserer Zeit.  »Zukunftsvisionen eines Genies«  Stefanie May, Bild Zeitung, 16.10.2018  »Ein anregendes und für den Laien gut verständliches Buch, dessen Lektüre auf jeden Fall lohnt«  Joachim Laukenmann, Tages-Anzeiger, 16.10.2018  - Warum gibt es uns Menschen überhaupt?  - Und woher kommen wir?  - Gibt es im Weltall andere intelligente Lebewesen?  - Existiert Gott?  - In welchem Zustand befindet sich unser Heimatplanet?  - Werden wir auf der Erde überleben?  - Retten oder zerstören uns Naturwissenschaften und Technik?  - Hilft uns die künstliche Intelligenz, die Erde zu bewahren?  - Können wir den Weltraum bevölkern?  - Wie werden wir die Schwächsten – Kinder, Kranke, alte Menschen – schützen?  - Wie werden wir unsere Kinder erziehen?  Brillanter Physiker, revolutionärer Kosmologe, unerschütterlicher Optimist. Für Stephen Hawking bergen die Weiten des Universums nicht nur naturwissenschaftliche Geheimnisse. In seinem persönlichsten Buch beantwortet der Autor die großen Fragen des menschlichen Lebens und spricht die wichtigsten Themen unserer Zeit an. Zugänglich und klar erläutert er die Folgen des menschlichen Fortschritts – vom Klimawandel bis hin zu künstlicher Intelligenz – und diskutiert seine Gefahren. Hier finden Sie Hawkings Antworten auf die Urfragen der Menschheit. Ein großer Appell an politische Machthaber und jeden Einzelnen von uns, unseren bedrohten Heimatplaneten besser zu schützen.  ;https://www.google.de/books/edition/Kurze_Antworten_auf_gro%C3%9Fe_Fragen/6SBdDwAAQBAJ?hl=en&gbpv=0
The Phoenix Project: A Novel about IT, DevOps, and Helping Your Business Win;Gene Kim, Kevin Behr, George Spafford;***Over a half-million sold! And available now, the Wall Street Journal Bestselling sequel The Unicorn Project***“Every person involved in a failed IT project should be forced to read this book.”—TIM O'REILLY, Founder & CEO of O'Reilly Media“The Phoenix Project is a must read for business and IT executives who are struggling with the growing complexity of IT.”—JIM WHITEHURST, President and CEO, Red Hat, Inc.Five years after this sleeper hit took on the world of IT and flipped it on it's head, the 5th Anniversary Edition of The Phoenix Project continues to guide IT in the DevOps revolution.In this newly updated and expanded edition of the bestselling The Phoenix Project, co-author Gene Kim includes a new afterword and a deeper delve into the Three Ways as described in The DevOps Handbook.Bill, an IT manager at Parts Unlimited, has been tasked with taking on a project critical to the future of the business, code named Phoenix Project. But the project is massively over budget and behind schedule. The CEO demands Bill must fix the mess in ninety days or else Bill's entire department will be outsourced.With the help of a prospective board member and his mysterious philosophy of The Three Ways, Bill starts to see that IT work has more in common with a manufacturing plant work than he ever imagined. With the clock ticking, Bill must organize work flow streamline interdepartmental communications, and effectively serve the other business functions at Parts Unlimited.In a fast-paced and entertaining style, three luminaries of the DevOps movement deliver a story that anyone who works in IT will recognize. Readers will not only learn how to improve their own IT organizations, they'll never view IT the same way again.“This book is a gripping read that captures brilliantly the dilemmas that face companies which depend on IT, and offers real-world solutions.”—JEZ HUMBLE, Co-author of Continuous Delivery, Lean Enterprise, Accelerate, and The DevOps Handbook;https://www.google.de/books/edition/The_Phoenix_Project/H6x-DwAAQBAJ?hl=en&gbpv=0
Alte Sorten: Roman;Ewald Arenz;Sally und Liss: zwei Frauen, wie sie unterschiedlicher nicht sein könnten. Sally, kurz vor dem Abitur, will einfach in Ruhe gelassen werden. Sie hasst so ziemlich alles: Angebote, Vorschriften, Regeln, Erwachsene. Fragen hasst sie am meisten, vor allem die nach ihrem Aussehen. Liss ist eine starke, verschlossene Frau, die die Arbeit, die auf dem Hof anfällt, problemlos zu meistern scheint. Schon beim ersten Gespräch der beiden stellt Sally fest, dass Liss anders ist als andere Erwachsene. Kein heimliches Mustern, kein voreiliges Urteilen, keine misstrauischen Fragen. Liss bietet ihr an, auf dem Hof zu übernachten. Aus einer Nacht werden Wochen. Für Sally ist die ältere Frau ein Rätsel. Was ist das für Eine, die nie über sich spricht, die das Haus, in dem die frühere Anwesenheit anderer noch deutlich zu spüren ist, allein bewohnt? Während sie gemeinsam Bäume auszeichnen, Kartoffeln ernten und Liss die alten Birnensorten in ihrem Obstgarten beschreibt, deren Geschmack Sally so liebt, kommen sich die beiden Frauen näher. Und erfahren nach und nach von den Verletzungen, die ihnen zugefügt wurden.;https://www.google.de/books/edition/Alte_Sorten/BGl5DwAAQBAJ?hl=en&gbpv=0
Social Media Analytics: Effective Tools for Building, Interpreting, and ...;Marshall Sponder;Align Strategy With Metrics Using Social Monitoring Best Practices “Two or three years from now, every public relations firm that wants to be taken seriously in the C-suite and/or a lead marketing role will have someone like Marshall in its senior leadership ranks, a chief analytics officer responsible for ensuring that account leaders think more deeply about analytics and that thfirm works with the best available outside suppliers to integrate analytics appropriately.”—Paul Holmes, The Holmes Report “Marshall has provided much-needed discipline to our newest marketing frontier—a territory full of outlaws, medicine men, dot com tumbleweeds, and snake oil.”—Ryan Rasmussen, VP Research, Zócalo Group “Marshall Sponder stands apart from the crowd with this work. His case study approach, borne of real-world experience, provides the expert and the amateur alike with bibliography, tools, links, and examples to shortcut the path to bedrock successes. This is a reference work for anyone who wants to explore the potential of social networks.”—W. Reid Cornwell, Ph.D., Chief Scientist, The Center for Internet Research “Marshall is a solutions design genius of unparalleled knowledge and acumen, and when he applies himself to the business of social media, the result is a timely and important commentary on the state of research capabilities for social media.”—Barry Fleming, Director, Analytics & Insights, WCG, and Principal, DharmaBuilt.com About the Book Practically overnight, social media has become a critical tool for every marketing objective—from outreach and customer relations to branding and crisis management. For the most part, however, the data collected through social media is just that: data. It usually seems to hold little or no meaning on which to base business decisions. But the meaning is there . . . if you’re applying the right systems and know how to use them. With Social Media Analytics, you’ll learn how to get supremely valuable information from this revolutionary new marketing tool. One of the most respected leaders in his field and a pioneer in Web analytics, Marshall Sponder shows how to: Choose the best social media platforms for your needs Set up the right processes to achieve your goals Extract the hidden meaning from all the data you collect Quantify your results and determine ROI Filled with in-depth case studies from a range of industries, along with detailed reviews of several social-monitoring platforms, Social Media Analytics takes you beyond “up-to-date” and leads you well into the future—and far ahead of your competition. You will learn how to use the most sophisticated methods yet known to find customers, create relevant content (and track it), mash up data from disparate sources, and much more. Sponder concludes with an insightful look at where the field will likely be going during the next few years. Whether your social media marketing efforts are directed at B2B, B2C, C2C, nonprofit, corporate, or public sector aims, take them to the next step with the techniques, strategies, and methods in Social Media Analytics—the most in-depth, forward-looking book on the subject.;https://www.google.de/books/edition/Social_Media_Analytics_Effective_Tools_f/c8DIUb7bzN8C?hl=en&gbpv=0&bsq=social%20media%20analytics
Doing Data Science: Straight Talk from the Frontline;Cathy O'Neil, Rachel Schutt;Now that people are aware that data can make the difference in an election or a business model, data science as an occupation is gaining ground. But how can you get started working in a wide-ranging, interdisciplinary field that’s so clouded in hype? This insightful book, based on Columbia University’s Introduction to Data Science class, tells you what you need to know.In many of these chapter-long lectures, data scientists from companies such as Google, Microsoft, and eBay share new algorithms, methods, and models by presenting case studies and the code they use. If you’re familiar with linear algebra, probability, and statistics, and have programming experience, this book is an ideal introduction to data science.Topics include:Statistical inference, exploratory data analysis, and the data science processAlgorithmsSpam filters, Naive Bayes, and data wranglingLogistic regressionFinancial modelingRecommendation engines and causalityData visualizationSocial networks and data journalismData engineering, MapReduce, Pregel, and HadoopDoing Data Science is collaboration between course instructor Rachel Schutt, Senior VP of Data Science at News Corp, and data science consultant Cathy O’Neil, a senior data scientist at Johnson Research Labs, who attended and blogged about the course.;https://www.google.de/books/edition/Doing_Data_Science/vcVKAQAAQBAJ?hl=en&gbpv=0
Deep Work: Rules for Focused Success in a Distracted World;Cal Newport;One of the most valuable skills in our economy is becoming increasingly rare. If you master this skill, you'll achieve extraordinary results.Deep Work is an indispensable guide to anyone seeking focused success in a distracted world.'Cal Newport is exceptional in the realm of self-help authors' New York Times'Deep work' is the ability to focus without distraction on a cognitively demanding task. Coined by author and professor Cal Newport on his popular blog Study Hacks, deep work will make you better at what you do, let you achieve more in less time and provide the sense of true fulfilment that comes from the mastery of a skill. In short, deep work is like a superpower in our increasingly competitive economy.And yet most people, whether knowledge workers in noisy open-plan offices or creatives struggling to sharpen their vision, have lost the ability to go deep - spending their days instead in a frantic blur of email and social media, not even realising there's a better way.A mix of cultural criticism and actionable advice, Deep Work takes the reader on a journey through memorable stories -- from Carl Jung building a stone tower in the woods to focus his mind, to a social media pioneer buying a round-trip business class ticket to Tokyo to write a book free from distraction in the air -- and surprising suggestions, such as the claim that most serious professionals should quit social media and that you should practice being bored. Put simply: developing and cultivating a deep work practice is one of the best decisions you can make in an increasingly distracted world. This book will point the way.;https://www.google.de/books/edition/Deep_Work/lZpFCgAAQBAJ?hl=en&gbpv=0
The Pathless Path: Imagining a New Story for Work and Life;Paul Millerd;Not all who wander are lost…Paul thought he was on his way. From a small-town Connecticut kid to the most prestigious consulting firm in the world, he had everything he thought he wanted. Yet he decided to walk away and embark on the &quot;real work&quot; of his life - finding the work that matters and daring to create a life to support that.This Pathless Path is about finding yourself in the wrong life, and the real work of figuring out how to live. Through painstaking experiments, living in different countries, and contemplating the deepest questions about life, Paul pieces together a set of ideas and principles that guide him from unfulfilled and burned out to a life he is excited to keep living.The Pathless Path is not a how-to book filled with “hacks”; instead, it is a vulnerable account of Paul’s journey from leaving the socially accepted “default path” towards another, one focused on doing work that matters, finding the others, and defining your own success.This book is an ideal companion for people considering leaving their jobs, embarking on a new path, dealing with the uncertainty of an unconventional path, or looking to improve their relationship with work in a fast-changing world.Reader feedback:“It’s a rare book in that it is tangentially about careers and being more focused and productive, but unlike almost every other book I have read about these topics, I finished this one and felt better about myself and my career.”“The themes are timeless. The content is expertly written. The advice is refreshingly non-prescriptive.”“If you have questioned your own path, or a nagging lack of intention in your choices you need this book. If you have felt a gradual loss of agency in your direction you need this book. You are in the grip of an invisible script that was not written for you.” “The writing is fantastic - Paul&#39;s writing is approachably poetic; a quick read that weaves together his own experience moving from a &#39;default path&#39; overachiever to a &#39;pathless path&#39; seeker of passion and curiosity, deep research into the history of work and collections of perspectives from years of podcasting, friendship, conferences, and meetings with other &#39;alternative path&#39; life-livers.&quot;;https://www.google.de/books/edition/The_Pathless_Path/XsBgEAAAQBAJ?hl=en&gbpv=0
Drive: The Surprising Truth About What Motivates Us;Daniel H. Pink;The New York Times bestseller that gives readers a paradigm-shattering new perspective on motivationMost people believe that the best way to motivate is with rewards—known as the carrot-and-stick approach. That's a mistake, says Daniel H. Pink, author of To Sell Is Human: The Surprising Truth About Motivating Others. In this provocative and persuasive new book, Pink asserts that the secret to high performance and satisfaction at work, at school, and at home is the deeply human need to direct our own lives, to learn and create new things, and to do better by ourselves and our world.Drawing on four decades of scientific research on human motivation, Pink exposes the mismatch between what science knows and what business does—and how that affects every aspect of life. He examines the three elements of true motivation—autonomy, mastery, and purpose—and offers smart and surprising techniques for putting these into action in a unique book that will change how we think and transform how we live.;https://www.google.de/books/edition/Drive/A-agLi2ldB4C?hl=en&gbpv=0
Das Herz von Paris;Veronika Peters;Paris im Frühling 1925. Die junge Berlinerin Ann-Sophie von Schoeller ist gerade in die französische Hauptstadt gezogen, wo ihr Ehemann in der renommierten Anwaltskanzlei seines Onkels einer vielversprechenden Karriere entgegensieht. Ann-Sophie hingegen spaziert gelangweilt durch die Straßen. Eines Tages landet sie in der Rue de l'Odéon vor einer Buchhandlung namens Shakespeare and Company, vor der eine rauchende Frau in Männerkleidung steht: die Buchhändlerin und Verlegerin Sylvia Beach. Als Ann-Sophie den Laden betritt, ist sie augenblicklich fasziniert, auch von den Frauen, denen sie dort begegnet. Sie fängt als Aushilfe an, und wird bald Teil der "Company" aus Literatinnen, Künstlerinnen und Freigeistern. Bald erkennt sie, dass sie mehr will vom Leben und auch in der Liebe. Ann-Sophie muss sich entscheiden zwischen bürgerlicher Sicherheit und dem Wagnis eines selbstbestimmten Lebens.;https://books.google.de/books/about/Das_Herz_von_Paris.html?id=7LpCzwEACAAJ&source=kp_book_description&redir_esc=y
No Limits: Blow the Cap Off Your Capacity;John C. Maxwell;"We often treat the word capacity as if it were a natural law of limitation. Unfortunately, most of us are much more comfortable defining what we perceive as off limits rather than what's really possible. Could it be that many of us have failed to expand our potential because we have allowed what we perceive as capacity to define us? What if our limits are not really our limits? In his newest book, John Maxwell identifies 17 core capacities. Some of these are abilities we all already possess, such as energy, creativity and leadership. Others are aspects of our lives controlled by our choices, like our attitudes, character, and intentionality. Maxwell examines each of these capacities, and provides clear and actionable advice on how you can increase your potential in each. He will guide you on how to identify, grow, and apply your critical capacities. Once you've blown the "cap" off your capacities, you'll find yourself more successful--and fulfilled--in your daily life."--Amazon.com.;https://www.google.de/books/edition/No_Limits/Y_QevgAACAAJ?hl=de
Der Flug der Stare: Das Wunder komplexer Systeme;Giorgio Parisi;Ein Spaziergang durch die Physik: Giorgio Parisi, der Physik-Nobelpreisträger 2021, nimmt uns mit auf eine Reise in die Welt der komplexen Systeme und erzählt von der Suche nach Antworten auf bisher ungelöste Fragen.  Wie lässt sich das atemberaubende Naturschauspiel des Starenfluges mit den Mitteln der Physik erklären? Der theoretische Physiker Giorgio Parisi beschäftigt sich mit den Interaktionsregeln, die den spektakulären Flugmanövern zugrunde liegen. Für seine Forschung zu komplexen Systemen hat er 2021 den Nobelpreis für Physik erhalten, »für die Entdeckung des Zusammenspiels von Unordnung und Fluktuationen in physikalischen Systemen von der atomaren bis hin zur planetarischen Ebene«.  In seinem Buch »Der Flug der Stare« erklärt er, was es mit komplexen Systemen, Spin-Gläsern und Phasenübergängen auf sich hat und gibt spannende Einblicke in sein Leben als Wissenschaftler. Klug und elegant erzählt er, wie Ideen entstehen und welche Rolle Intuition und Kreativität dabei spielen. Parisi zeigt, wie Forschung funktioniert und welche Bedeutung der Wissenschaft in unserer Gesellschaft zukommt. Ein eindrucksvoller und persönlicher Einblick in Welt der Physik und den Kopf eines Genies.  »Der Nobelpreis für Giorgio Parisi ehrt einen außergewöhnlichen Wissenschaftler und bestätigt das hohe Niveau der italienischen Schule der theoretischen Physik.« Carlo Rovelli;https://www.google.de/books/edition/Der_Flug_der_Stare/9VpsEAAAQBAJ?hl=de&gbpv=0
F. Scott Fitzgerald: The Great Gatsby;F. Scott Fitzgerald;Since its publication in 1925, The Great Gatsby, F. Scott Fitzgerald's account of the American dream gone awry, has established itself as one of the most popular and widely read novels in the English language. Until now, however, no edition has printed the novel exactly as Fitzgerald intended. The first edition was marred by errors resulting from Fitzgerald's extensive rewriting in proof and the conditions under which the book was produced; moreover, the subsequent transmission of the text introduced proliferating departures from the author's words. This critical edition draws on the manuscript and surviving proofs of the novel, together with Fitzgerald's subsequent revisions to key passages, to provide the first authoritative text of The Great Gatsby. This volume also includes a detailed account of the genesis, composition, and publication of the novel; a full textual apparatus; crucial early draft material; helpful glosses on the peculiar geography and chronology of the book; and explanatory notes on topical allusions and historical references that contemporary readers might otherwise miss. Fitzgerald's masterpiece is thus brought closer to a cross-section of readers, more accessibly and more authentically than ever before. Matthew J. Bruccoli has published widely. He is the author of Some Sort of Epic Grandeur: The Life of F. Scott Fitzgerald (1980) and editor of New Essays on The Great Gatsby (CUP, 1985).;https://www.google.de/books/edition/F_Scott_Fitzgerald_The_Great_Gatsby/0yfauGsKOjAC?hl=de&gbpv=0
How to Become a Straight-A Student: The Unconventional Strategies Real ...;Cal Newport;Looking to jumpstart your GPA? Most college students believe that straight A’s can be achieved only through cramming and painful all-nighters at the library. But Cal Newport knows that real straight-A students don’t study harder—they study smarter. A breakthrough approach to acing academic assignments, from quizzes and exams to essays and papers, How to Become a Straight-A Student reveals for the first time the proven study secrets of real straight-A students across the country and weaves them into a simple, practical system that anyone can master. You will learn how to:  Streamline and maximize your study time Conquer procrastination Absorb the material quickly and effectively Know which reading assignments are critical—and which are not Target the paper topics that wow professors Provide A+ answers on exams Write stellar prose without the agony  A strategic blueprint for success that promises more free time, more fun, and top-tier results, How to Become a Straight-A Student is the only study guide written by students for students—with the insider knowledge and real-world methods to help you master the college system and rise to the top of the class.;https://www.google.de/books/edition/How_to_Become_a_Straight_A_Student/lYYCl_eb5cUC?hl=de
The Age of AI: "THE BOOK WE ALL NEED";Henry A Kissinger, Eric Schmidt, Daniel Huttenlocher;THE WAY HUMANS NAVIGATE THE WORLD IS ALTERING, FOREVER.THIS IS YOUR ESSENTIAL AI ROADMAP.AI is revolutionizing how we approach security, economics, order and even knowledge itself.It is changing how we experience reality, and our role within it. Three of our most accomplished and deep thinkers explore what this means for our present and our future, tackling the questions that will affect as all:What will it mean to be human?What are the key frontier risks?What AI ethics are we going to need?How is AI impacting politics, defence, medicine and education?'Absolutely masterful . . . the book we all need' Fareed Zakaria'A muscular contribution to one of the 21st century's most pressing debates' The Economist Henry Kissinger was the 56th Secretary of State and winner of the Nobel Peace Prize; Eric Schmidt, Google's former CEO, lead the company's growth for over a decade and Daniel Huttenlocher is dean of the MIT Schwarzman College of Computing.;https://www.google.de/books/edition/The_Age_of_AI/kKckEAAAQBAJ?hl=de&gbpv=0
The Alchemist;10th Anniversary Edition;"My heart is afraid that it will have to suffer," the boy told the alchemist one night as they looked up at the moonless sky." Tell your heart that the fear of suffering is worse than the suffering itself. And that no heart has ever suffered when it goes in search of its dreams."Every few decades a book is published that changes the lives of its readers forever. The Alchemist is such a book. With over a million and a half copies sold around the world, The Alchemist has already established itself as a modern classic, universally admired. Paulo Coelho's charming fable, now available in English for the first time, will enchant and inspire an even wider audience of readers for generations to come.The Alchemist is the magical story of Santiago, an Andalusian shepherd boy who yearns to travel in search of a worldly treasure as extravagant as any ever found. From his home in Spain he journeys to the markets of Tangiers and across the Egyptian desert to a fateful encounter with the alchemist.The story of the treasures Santiago finds along the way teaches us, as only a few stories have done, about the essential wisdom of listening to our hearts, learning to read the omens strewn along life's path, and, above all, following our dreams.;https://www.google.de/books/edition/The_Alchemist_10th_Anniversary_Edition/FEL8DlqjYEkC?hl=de&gbpv=0
Range: Why Generalists Triumph in a Specialized World;David Epstein;The #1 New York Times bestseller that has all America talking: as seen/heard on CNN's Fareed Zakaria GPS, Morning Joe, CBS This Morning, The Bill Simmons Podcast, Rich Roll, and more. “The most important business—and parenting—book of the year.” —Forbes “Urgent and important. . . an essential read for bosses, parents, coaches, and anyone who cares about improving performance.” —Daniel H. Pink  Shortlisted for the Financial Times/McKinsey Business Book of the Year AwardPlenty of experts argue that anyone who wants to develop a skill, play an instrument, or lead their field should start early, focus intensely, and rack up as many hours of deliberate practice as possible. If you dabble or delay, you’ll never catch up to the people who got a head start. But a closer look at research on the world’s top performers, from professional athletes to Nobel laureates, shows that early specialization is the exception, not the rule.     David Epstein examined the world’s most successful athletes, artists, musicians, inventors, forecasters and scientists. He discovered that in most fields—especially those that are complex and unpredictable—generalists, not specialists, are primed to excel. Generalists often find their path late, and they juggle many interests rather than focusing on one. They’re also more creative, more agile, and able to make connections their more specialized peers can’t see. Provocative, rigorous, and engrossing, Range makes a compelling case for actively cultivating inefficiency. Failing a test is the best way to learn. Frequent quitters end up with the most fulfilling careers. The most impactful inventors cross domains rather than deepening their knowledge in a single area. As experts silo themselves further while computers master more of the skills once reserved for highly focused humans, people who think broadly and embrace diverse experiences and perspectives will increasingly thrive.;https://www.google.de/books/edition/Range/ma1sDwAAQBAJ?hl=de&gbpv=0
The Untethered Soul (EasyRead Super Large 18pt Edition);Google Books;;https://www.google.de/books/edition/The_Untethered_Soul_EasyRead_Super_Large/QEc3xfvzUdoC?hl=de&gbpv=0
The Autobiography of Benjamin Franklin;Benjamin Franklin;The Autobiography of Benjamin Franklin was written by Benjamin Franklin from 1771 to 1790; however, Franklin himself appears to have called the work his Memoirs. Although it had a torturous publication history after Franklin's death, this work has become one of the most famous and influential examples of autobiography ever written.;https://www.google.de/books/edition/The_Autobiography_of_Benjamin_Franklin/Y32wOLkDz1oC?hl=de&gbpv=0
Die Macht der Geographie: Wie sich Weltpolitik anhand von 10 Karten erklären ...;Tim Marshall;Weltpolitik ist auch Geopolitik. Alle Regierungen, alle Staatschefs unterliegen den Zwängen der Geographie. Berge und Ebenen, Flüsse, Meere, Wüsten setzen ihrem Entscheidungsspielraum Grenzen. Um Geschichte und Politik zu verstehen, muss man selbstverständlich die Menschen, die Ideen, die Einstellungen kennen. Aber wenn man die Geographie nicht mit einbezieht, bekommt man kein vollständiges Bild. Zum Beispiel Russland: Von den Moskauer Großfürsten über Iwan den Schrecklichen, Peter den Großen und Stalin bis hin zu Wladimir Putin sah sich jeder russische Staatschef denselben geostrategischen Problemen ausgesetzt, egal ob im Zarismus, im Kommunismus oder im kapitalistischen Nepotismus. Die meisten Häfen frieren immer noch ein halbes Jahr zu. Nicht gut für die Marine. Die nordeuropäische Tiefebene von der Nordsee bis zum Ural ist immer noch flach. Jeder kann durchmarschieren. Russland, China, die USA, Europa, Afrika, Lateinamerika, der Nahe Osten, Indien und Pakistan, Japan und Korea, die Arktis und Grönland: In zehn Kapiteln zeigt Tim Marshall, wie die Geographie die Weltpolitik beeinflusst und beeinflusst hat. ;https://www.google.de/books/edition/Die_Macht_der_Geographie/IBLqCgAAQBAJ?hl=de&gbpv=0
Factfulness: Wie wir lernen, die Welt so zu sehen, wie sie wirklich ist ...;Hans Rosling, Anna Rosling Rönnlund, Ola Rosling; Der Weltbestseller des Kultautors: augenöffnend, inspirierend und Hoffnung schenkend!   »Ein hoffnungsvolles Buch über das Potenzial menschlichen Fortschritts« Barack Obama   »Eines der wichtigsten Bücher, die ich je gelesen habe – ein unverzichtbarer Leitfaden, um unsere Sicht auf die Welt zu überprüfen und uns daran neu auszurichten.« Bill Gates  Es wird alles immer schlimmer, eine schreckliche Nachricht jagt die andere: Die Reichen werden reicher, die Armen ärmer. Es gibt immer mehr Kriege, Gewaltverbrechen, Naturkatastrophen. Viele Menschen tragen solche beängstigenden Bilder im Kopf. Doch sie liegen damit grundfalsch. Unser Gehirn verführt uns zu einer dramatisierenden Weltsicht, die mitnichten der Realität entspricht, wie der geniale Statistiker und Wissenschaftler Hans Rosling erklärt.  Wer das Buch gelesen hat, wird   ein sicheres, auf Fakten basierendes Gerüst besitzen, um die Welt so zu sehen, wie sie wirklich ist. die zehn gängigsten Arten von aufgebauschten Geschichten erkennen. bessere Entscheidungen treffen können. wahre Factfulness erreichen – jene offene, neugierige und entspannte Geisteshaltung, in der Sie nur noch Ansichten teilen und Urteile fällen, die auf soliden Fakten basieren.   »Hans Rosling weist Stück um Stück nach, welche enormen Fortschritte die Menschheit in den letzten Jahrzehnten gemacht hat. Das ist lesenswert und unterhaltsam. Man atmet mit jedem Kapitel ein bisschen auf.« Neue Zürcher Zeitung  *** Für alle, die die Welt endlich wieder so sehen wollen, wie sie tatsächlich ist – und nicht, wie wir glauben, dass sie ist. ***  ;https://www.google.de/books/edition/Factfulness/-A9BDwAAQBAJ?hl=de&gbpv=0
Außer Dienst: Eine Bilanz;Helmut Schmidt;»Wenn es um Prinzipien der Politik und der Moral geht oder um das eigene Gewissen, dann ist man niemals außer Dienst.« - Die Bilanz eines großen Staatsmannes.In seinem Buch über die Zeit nach dem Ausscheiden aus dem Kanzleramt beschreibt Helmut Schmidt die umwälzenden historischen Entwicklungen seit dem Ende des Kalten Kriegs, er macht sich Gedanken über die gegenwärtige Politik und die Zukunft Deutschlands, und er spricht über sehr Persönliches: über prägende Kriegserfahrungen, über eigene Fehler und Versäumnisse, seinen Glauben und das Lebensende.;https://www.google.de/books/edition/Au%C3%9Fer_Dienst/2AQl2pLRNW8C?hl=de&gbpv=0
The big five for life: was wirklich zählt im Leben;John P. Strelecky;Verl.Beschr.: Durch Zufall lernt Joe, ein unzufriedener Angestellter, den charismatischen Geschäftsmann Thomas kennen. Dieser wird zu Joes Mentor und offenbart ihm die Geheimnisse seines Erfolgs. Seine Unternehmen führt Thomas anhand zweier Leitlinien: Jeder Mitarbeiter muss seine Bestimmung sowie seine ?Big Five for Life? kennen, also wissen, welche fünf Ziele er im Leben erreichen will. Diese Ideen helfen Joe, seine Wünsche zu verwirklichen. Doch Thomas will möglichst viele an seinem Wissen teilhaben lassen: Seine gesammelten Aufzeichnungen liegen hier vor Ihnen.;https://www.google.de/books/edition/The_big_five_for_life/b5X5NwAACAAJ?hl=de
Shoe Dog: A Memoir by the Creator of Nike;Phil Knight;In this instant and tenacious New York Times bestseller, Nike founder and board chairman Phil Knight “offers a rare and revealing look at the notoriously media-shy man behind the swoosh” (Booklist, starred review), illuminating his company’s early days as an intrepid start-up and its evolution into one of the world’s most iconic, game-changing, and profitable brands.Bill Gates named Shoe Dog one of his five favorite books of the year and called it “an amazing tale, a refreshingly honest reminder of what the path to business success really looks like. It’s a messy, perilous, and chaotic journey, riddled with mistakes, endless struggles, and sacrifice. Phil Knight opens up in ways few CEOs are willing to do.”  Fresh out of business school, Phil Knight borrowed fifty dollars from his father and launched a company with one simple mission: import high-quality, low-cost running shoes from Japan. Selling the shoes from the trunk of his car in 1963, Knight grossed eight thousand dollars that first year. Today, Nike’s annual sales top $30 billion. In this age of start-ups, Knight’s Nike is the gold standard, and its swoosh is one of the few icons instantly recognized in every corner of the world.  But Knight, the man behind the swoosh, has always been a mystery. In Shoe Dog, he tells his story at last. At twenty-four, Knight decides that rather than work for a big corporation, he will create something all his own, new, dynamic, different. He details the many risks he encountered, the crushing setbacks, the ruthless competitors and hostile bankers—as well as his many thrilling triumphs. Above all, he recalls the relationships that formed the heart and soul of Nike, with his former track coach, the irascible and charismatic Bill Bowerman, and with his first employees, a ragtag group of misfits and savants who quickly became a band of swoosh-crazed brothers.  Together, harnessing the electrifying power of a bold vision and a shared belief in the transformative power of sports, they created a brand—and a culture—that changed everything.;https://www.google.de/books/edition/Shoe_Dog/wO3PCgAAQBAJ?hl=de&gbpv=0
Storyworthy: Engage, Teach, Persuade, and Change Your Life through the Power ...;Matthew Dicks;A five-time Moth GrandSLAM winner and bestselling novelist shows how to tell a great story — and why doing so matters.  Whether we realize it or not, we are always telling stories. On a first date or job interview, at a sales presentation or therapy appointment, with family or friends, we are constantly narrating events and interpreting emotions and actions. In this compelling book, storyteller extraordinaire Matthew Dicks presents wonderfully straightforward and engaging tips and techniques for constructing, telling, and polishing stories that will hold the attention of your audience (no matter how big or small). He shows that anyone can learn to be an appealing storyteller, that everyone has something “storyworthy” to express, and, perhaps most important, that the act of creating and telling a tale is a powerful way of understanding and enhancing your own life.;https://www.google.de/books/edition/Storyworthy/ZoRZDwAAQBAJ?hl=de&gbpv=0
Educated: A Memoir;Tara Westover;#1 NEW YORK TIMES, WALL STREET JOURNAL, AND BOSTON GLOBE BESTSELLER • One of the most acclaimed books of our time: an unforgettable memoir about a young woman who, kept out of school, leaves her survivalist family and goes on to earn a PhD from Cambridge University“Extraordinary . . . an act of courage and self-invention.”—The New York TimesNAMED ONE OF THE TEN BEST BOOKS OF THE YEAR BY THE NEW YORK TIMES BOOK REVIEW • ONE OF PRESIDENT BARACK OBAMA’S FAVORITE BOOKS OF THE YEAR • BILL GATES’S HOLIDAY READING LIST • A KIRKUS REVIEWS BEST NONFICTION BOOK OF THE CENTURY • FINALIST: National Book Critics Circle’s Award In Autobiography and John Leonard Prize For Best First Book • PEN/Jean Stein Book Award • Los Angeles Times Book PrizeBorn to survivalists in the mountains of Idaho, Tara Westover was seventeen the first time she set foot in a classroom. Her family was so isolated from mainstream society that there was no one to ensure the children received an education, and no one to intervene when one of Tara’s older brothers became violent. When another brother got himself into college, Tara decided to try a new kind of life. Her quest for knowledge transformed her, taking her over oceans and across continents, to Harvard and to Cambridge University. Only then would she wonder if she’d traveled too far, if there was still a way home.“Beautiful and propulsive . . . Despite the singularity of [Westover’s] childhood, the questions her book poses are universal: How much of ourselves should we give to those we love? And how much must we betray them to grow up?”—VogueONE OF THE BEST BOOKS OF THE YEAR: The Washington Post, O: The Oprah Magazine, Time, NPR, Good Morning America, San Francisco Chronicle, The Guardian, The Economist, Financial Times, Newsday, New York Post, theSkimm, Refinery29, Bloomberg, Self, Real Simple, Town & Country, Bustle, Paste, Publishers Weekly, Library Journal, LibraryReads, Book Riot, Pamela Paul, KQED, New York Public Library;https://www.google.de/books/edition/Educated/2ObWDgAAQBAJ?hl=de&gbpv=0
Supercommunicators: How to Unlock the Secret Language of Connection;Charles Duhigg;NEW YORK TIMES BESTSELLER • From the author of The Power of Habit, a fascinating exploration of what makes conversations work—and how we can all learn to be supercommunicators at work and in life“A winning combination of stories, studies, and guidance that might well transform the worst communicators you know into some of the best.”—Adam Grant, author of Think Again and Hidden PotentialONE OF NPR’S BEST BOOKS OF THE YEAR • FINALIST FOR THE SABEW BEST IN BUSINESS BOOK AWARDCome inside a jury room as one juror leads a starkly divided room to consensus. Join a young CIA officer as he recruits a reluctant foreign agent. And sit with an accomplished surgeon as he tries, and fails, to convince yet another cancer patient to opt for the less risky course of treatment. In Supercommunicators, Charles Duhigg blends deep research and his trademark storytelling skills to show how we can all learn to identify and leverage the hidden layers that lurk beneath every conversation.Communication is a superpower and the best communicators understand that whenever we speak, we’re actually participating in one of three conversations: practical (What’s this really about?), emotional (How do we feel?), and social (Who are we?). If you don’t know what kind of conversation you’re having, you’re unlikely to connect. Supercommunicators know the importance of recognizing—and then matching—each kind of conversation, and how to hear the complex emotions, subtle negotiations, and deeply held beliefs that color so much of what we say and how we listen. Our experiences, our values, our emotional lives—and how we see ourselves, and others—shape every discussion, from who will pick up the kids to how we want to be treated at work. In this book, you will learn why some people are able to make themselves heard, and to hear others, so clearly.With his storytelling that takes us from the writers’ room of The Big Bang Theory to the couches of leading marriage counselors, Duhigg shows readers how to recognize these three conversations—and teaches us the tips and skills we need to navigate them more successfully.In the end, he delivers a simple but powerful lesson: With the right tools, we can connect with anyone.;https://www.google.de/books/edition/Supercommunicators/ry1fEQAAQBAJ?hl=de&gbpv=0
The Unspoken Rules: Secrets to Starting Your Career Off Right;Gorick Ng;Named one of 10 Best New Management Books for 2022 by Thinkers50A Wall Street Journal Bestseller"...this guide provides readers with much more than just early careers advice; it can help everyone from interns to CEOs." — a Financial Times top titleYou've landed a job. Now what?No one tells you how to navigate your first day in a new role. No one tells you how to take ownership, manage expectations, or handle workplace politics. No one tells you how to get promoted.The answers to these professional unknowns lie in the unspoken rules—the certain ways of doing things that managers expect but don't explain and that top performers do but don't realize.The problem is, these rules aren't taught in school. Instead, they get passed down over dinner or from mentor to mentee, making for an unlevel playing field, with the insiders getting ahead and the outsiders stumbling along through trial and error.Until now.In this practical guide, Gorick Ng, a first-generation college student and Harvard career adviser, demystifies the unspoken rules of work. Ng distills the wisdom he has gathered from over five hundred interviews with professionals across industries and job types about the biggest mistakes people make at work. Loaded with frameworks, checklists, and talking points, the book provides concrete strategies you can apply immediately to your own situation and will help you navigate inevitable questions, such as:How do I manage my time in the face of conflicting priorities?How do I build relationships when I’m working remotely?How do I ask for help without looking incompetent or lazy?The Unspoken Rules is the only book you need to perform your best, stand out from your peers, and set yourself up for a fulfilling career.;https://www.google.de/books/edition/The_Unspoken_Rules/Wi_6DwAAQBAJ?hl=de&gbpv=0
$100M Offers: How to Make Offers So Good People Feel Stupid Saying No;Alex Hormozi;I took home more in a year than the CEOs of McDonald&#39;s, IKEA, Ford, Motorola, and Yahoo combined as a kid in my 20s using the $100M Offers method. It works. And it will work for you.Not that long ago, though, my business had gotten so bad that I literally couldn’t even give my services away for free. At the end of each month, I would look at my bank account hoping to see progress (but there wasn’t). I knew something had to change...but what?Over the next 48 months, I went from losing money to making $36 for every $1 spent. In that time period, we generated over $120,000,000 across four different industries: service, ecommerce, software, and brick and mortar.But, unlike everyone else, we didn’t have great funnels, great ads, or a wealthy niche. In fact, we didn’t even send emails until we had crossed $50M in sales. Instead, we were able to do this one thing really well: We created offers so good, people felt stupid saying no.Here’s exactly what this book will show you how to do:How to charge a lot more than you currently areThe tiny market, big money process we use to laser focus on niche markets overflowing with cashThe “unfair” pricing formula: How we multiplied our pricing by 100 (and got more people to say yes...for real)The value flip...so you never get price compared again (That’s a promise.)The virtuous cycle of price: Use it to outspend your competition (for good) while using your product to attract the best talent.How to make your product so good, prospects find a way to pay for itThe unbeatable value equation: to make what you sell worth more than your prospects have ever receivedThe delivery cube: to make delivering your products and services cost less but provide moreThe trim and stack hack: to maximize profit using the absolute best delivery methods. (This has never been shared publicly and was how we made $17m in profit on $28m in revenue in a year when I was 28 years old)How to enhance your offer so much, prospects buy without hesitatingThe scarcity stack: How to use the three different types of scarcity in every offer you make (without lying) to get people to buy the moment you askThe “everyday” urgency blueprint: to get prospects to buy right now, using everyday life to create real, ethical time pressureUnbeatable bonuses...and watch your prospects&#39; hesitations melt away as they begin reading their credit cards to you before you even finish!God-mode guarantees: So good they make anyone say yes (even people who would never normally consider buying). I’ll show you how to stack and layer all four types of guarantees together. I even give you my 13 favorite guarantees word-for-word to swipe for yourself.Magic naming formula to get the absolute highest response rates and conversion rates from everything you do to get new clientsAnd so much moreThe methods contained within this book are so simple, so instantaneous, and so effective, it’s as if they work by magic. If you implement even one tactic in this book, you’ll see the change in your prospects&#39; demeanor. And you’ll know the $100M Offers method worked when you start hearing, “What do I need to do to move forward?” before you even ask for the sale.;https://www.google.de/books/edition/100M_Offers_How_to_Make_Offers_So_Good_P/26LWEAAAQBAJ?hl=de&gbpv=0
Working Backwards: Insights, Stories, and Secrets from Inside Amazon;Colin Bryar, Bill Carr;Working Backwards is an insider's breakdown of Amazon's approach to culture, leadership, and best practices from two long-time Amazon executives—with lessons and techniques you can apply to your own company, and career, right now. In Working Backwards, two long-serving Amazon executives reveal the principles and practices that have driven the success of one of the most extraordinary companies the world has ever known. With twenty-seven years of Amazon experience between them—much of it during the period of unmatched innovation that created products and services including Kindle, Amazon Prime, Amazon Studios, and Amazon Web Services—Bryar and Carr offer unprecedented access to the Amazon way as it was developed and proven to be repeatable, scalable, and adaptable.With keen analysis and practical steps for applying it at your own company—no matter the size—the authors illuminate how Amazon’s fourteen leadership principles inform decision-making at all levels of the company. With a focus on customer obsession, long-term thinking, eagerness to invent, and operational excellence, Amazon’s ground-level practices ensure these characteristics are translated into action and flow through all aspects of the business.Working Backwards is both a practical guidebook and the story of how the company grew to become so successful. It is filled with the authors’ in-the-room recollections of what “Being Amazonian” is like and how their time at the company affected their personal and professional lives. They demonstrate that success on Amazon’s scale is not achieved by the genius of any single leader, but rather through commitment to and execution of a set of well-defined, rigorously-executed principles and practices—shared here for the very first time.Whatever your talent, career or organization might be, find out how you can put Working Backwards to work for you.;https://www.google.de/books/edition/Working_Backwards/b9LtDwAAQBAJ?hl=de&gbpv=0
Same as Ever: A Guide to What Never Changes;Morgan Housel;AN INSTANT NEW YORK TIMES BESTSELLERFrom the author of the international blockbuster, THE PSYCHOLOGY OF MONEY, a powerful new tool to unlock one of life’s most challenging puzzles.Every investment plan under the sun is, at best, an informed speculation of what may happen in the future, based on a systematic extrapolation from the known past.Same as Ever reverses the process, inviting us to identify the many things that never, ever change.With his usual elan, Morgan Housel presents a master class on optimizing risk, seizing opportunity, and living your best life. Through a sequence of engaging stories and pithy examples, he shows how we can use our newfound grasp of the unchanging to see around corners, not by squinting harder through the uncertain landscape of the future, but by looking backwards, being more broad-sighted, and focusing instead on what is permanently true.   By doing so, we may better anticipate the big stuff, and achieve the greatest success, not merely financial comforts, but most importantly, a life well lived.;https://www.google.de/books/edition/Same_as_Ever/7e-2EAAAQBAJ?hl=de&gbpv=0
SAPIENS;Eine kurze Geschichte der Menschheit: Der legendäre Weltbestseller ...;Der Millionenseller jetzt aktualisiert und mit neuem NachwortVor 100.000 Jahren lebte Homo Sapiens als unbedeutende Spezies in einem abgelegenen Winkel des afrikanischen Kontinents. Heute ist der Mensch Herr und Schrecken des Planeten. Wie konnte es dazu kommen? In seiner fulminanten Reise von den Menschenaffen bis zum Cyborg entwirft Yuval Noah Harari mit seinem international gefeierten Bestseller »Sapiens - Eine kurze Geschichte der Menschheit« das große Panorama unserer eigenen Geschichte – und stellt die Frage, wohin wir von hier aus gehen wollen. »Sapiens« ist einer der größten Sachbucherfolge aller Zeiten und hat allein in Deutschland, bisher unter dem Titel »Eine kurze Geschichte der Menschheit«, über 2 Millionen Exemplare verkauft. Dieser immense Erfolg ist kein Zufall: Das Buch hat von Grund auf verändert, welche Verantwortung wir als Menschen gegenüber unseren Mitgeschöpfen und dem Planeten empfinden – und wie wir handeln.»Yuval Noah Harari schreibt präzise, klug – und vor allem so, dass man gar nicht aufhören will zu lesen. Dieses Buch lässt Hirne wachsen.« ZEIT WISSENDas Buch erschien erstmals 2013 unter dem Titel »Eine kurze Geschichte der Menschheit« bei DVA. Diese neue Ausgabe ist aktualisiert und um ein neues Nachwort ergänzt.Mit zahlreichen Abbildungen;https://www.google.de/books/edition/SAPIENS_Eine_kurze_Geschichte_der_Mensch/0jzuEAAAQBAJ?hl=de&gbpv=0
Basic Economics;Thomas Sowell;The fourth edition of Basic Economics is both expanded and updated. A new chapter on the history of economics itself has been added, and the implications of that history examined. A new section on the special role of corporations in the economy has been added to the chapter on government and big business, among other additions throughout the book. Basic Economics, which has now been translated into six languages, has grown so much that a large amount of material in the back of the book in previous editions has now been put online instead, so the book itself and its price will not have to expand. The central idea of Basic Economics, however, remains the same: that the fundamental facts and principles of economics do not require jargon, graphs, or equations, and can be learned in a relaxed and even enjoyable way.;https://www.google.de/books/edition/Basic_Economics/6pNVStJrYFYC?hl=de&gbpv=0
1984: Roman;George Orwell; Aktueller denn je: Orwells visionäres Meisterwerk – neu übersetzt  Als Mitarbeiter des Ministeriums für Wahrheit verbringt Winston Smith seine Tage damit, die Geschichte zugunsten der regierenden Partei umzuschreiben. Aber in seinem Inneren wächst ein Widerstand gegen das totalitäre System, in dem das Leben aufs Strengste reguliert und überwacht wird. Als Winston sich verbotenerweise verliebt, erfährt er, was der Wunsch nach Freiheit kostet.;https://www.google.de/books/edition/1984/wwfcDwAAQBAJ?hl=de&gbpv=0
Lean Startup: Schnell, risikolos und erfolgreich Unternehmen gründen;Eric Ries;Der Weg zum eigenen Unternehmen ist nie ohne Risiko. Und bis die Firma sich auf dem Markt etabliert hat, dauert es. Wer doch scheitert, verliert in der Regel viel Geld. Genau hier setzt das Konzept von Eric Ries an. Lean Startup heißt seine Methode. Sie ist schnell, ressourcenfreundlich und radikal erfolgsorientiert. Anhand von durchgespielten Szenarien kann man von vornherein die Erfolgsaussichten von Ideen, Produkten und Märkten bestimmen. Und auch während der Gründungphase wird der Stand der Dinge ständig überprüft. Machen, messen, lernen – so funktioniert der permanente Evaluationsprozess. Das spart enorm Zeit, Geld und Ressourcen und bietet die Möglichkeit, spontan den Kurs zu korrigieren. Das Lean-Startup-Tool hat sich schon zigtausenfach in der Praxis bewährt und setzt sich auch in Deutschland immer stärker durch.;https://www.google.de/books/edition/Lean_Startup/hs8YBQAAQBAJ?hl=de&gbpv=0
Poor Charlie’s Almanack: The Essential Wit and Wisdom of Charles T. Munger;Charles T. Munger;From the legendary vice-chairman of Berkshire Hathaway, lessons in investment strategy, philanthropy, and living a rational and ethical life.“Spend each day trying to be a little wiser than you were when you woke up,” Charles T. Munger advises in Poor Charlie’s Almanack. Originally published in 2005, this compendium of eleven talks delivered by the legendary Berkshire Hathaway vice-chairman between 1986 and 2007 has become a touchstone for a generation of investors and entrepreneurs seeking to absorb the enduring wit and wisdom of one of the great minds of the 20th and 21st centuries. Edited by Peter D. Kaufman, chairman and CEO of Glenair and longtime friend of Charlie Munger—whom he calls “this generation’s answer to Benjamin Franklin”—this abridged Stripe Press edition of Poor Charlie’s Almanack features a brand-new foreword by Stripe cofounder John Collison. Poor Charlie’s Almanack draws on Munger’s encyclopedic knowledge of business, finance, history, philosophy, physics, and ethics—and more besides—to introduce the latticework of mental models that underpin his rational and rigorous approach to life, learning, and decision-making. Delivered with Munger’s characteristic sharp wit and rhetorical flair, it is an essential volume for any reader seeking to go to bed a little wiser than when they woke up. ;https://www.google.de/books/edition/Poor_Charlie_s_Almanack/2unAEAAAQBAJ?hl=de&gbpv=0
The 7 Habits of Highly Effective People: Powerful Lessons in Personal Change;Stephen R. Covey;The 7 Habits of Highly Effective People: Powerful Lessons in Personal Change was a groundbreaker when it was first published in 1990, and it continues to be a business bestseller with more than 10 million copies sold. Stephen Covey, an internationally respected leadership authority, realizes that true success encompasses a balance of personal and professional effectiveness, so this book is a manual for performing better in both arenas. His anecdotes are as frequently from family situations as from business challenges. Before you can adopt the seven habits, you'll need to accomplish what Covey calls a "paradigm shift"--a change in perception and interpretation of how the world works. Covey takes you through this change, which affects how you perceive and act regarding productivity, time management, positive thinking, developing your "proactive muscles" (acting with initiative rather than reacting), and much more. This isn't a quick-tips-start-tomorrow kind of book. The concepts are sometimes intricate, and you'll want to study this book, not skim it. When you finish, you'll probably have Post-it notes or hand-written annotations in every chapter, and you'll feel like you've taken a powerful seminar by Covey.;https://www.google.de/books/edition/The_7_Habits_of_Highly_Effective_People/upUxaNWSaRIC?hl=de&gbpv=0
Writing Science: How to Write Papers That Get Cited and Proposals That Get ...;Joshua Schimel;As a scientist, you are a professional writer: your career is built on successful proposals and papers. Success isn't defined by getting papers into print, but by getting them into the reader's consciousness. Writing Science is built upon the idea that successful science writing tells a story. It uses that insight to discuss how to write more effectively. Integrating lessons from other genres of writing with those from the author's years of experience as author, reviewer, and editor, the book shows scientists and students how to present their research in a way that is clear and that will maximize reader comprehension. The book takes an integrated approach, using the principles of story structure to discuss every aspect of successful science writing, from the overall structure of a paper or proposal to individual sections, paragraphs, sentences, and words. It begins by building core arguments, analyzing why some stories are engaging and memorable while others are quickly forgotten, and proceeds to the elements of story structure, showing how the structures scientists and researchers use in papers and proposals fit into classical models. The book targets the internal structure of a paper, explaining how to write clear and professional sections, paragraphs, and sentences in a way that is clear and compelling. The ideas within a paper should flow seamlessly, drawing readers along. The final section of the book deals with special challenges, such as how to discuss research limitations and how to write for the public. Writing Science is a much-needed guide to succeeding in modern science. Its insights and strategies will equip science students, scientists, and professionals across a wide range of scientific and technical fields with the tools needed to communicate effectively.;https://www.google.de/books/edition/Writing_Science/Fp4-7EWkvUgC?hl=de&gbpv=0
Wiedersehen im Café am Rande der Welt: eine inspirierende Reise zum eigenen ...;John P. Strelecky;Forts. von äCafe am Rande der Weltä. Der glücklich lebende John kann in dem geheimnisvollen Café am Rande der Welt, in dem er vor Jahren zu einem erfüllteren Dasein animiert wurde, die gestresste Jessica beraten und zum Umdenken anregen.;https://www.google.de/books/edition/Wiedersehen_im_Caf%C3%A9_am_Rande_der_Welt/erkNogEACAAJ?hl=de
On Writing: A Memoir of the Craft;Stephen King;CELEBRATING 50 YEARS OF WRITING with fresh testimonials from fellow writers about why they love Stephen King and On Writing—and a few new words on the joy of writing from King himself. *ONE OF TIME MAGAZINE’S TOP 100 NONFICTION BOOKS OF ALL TIME*  Immensely helpful and illuminating to any aspiring writer, this special edition of Stephen King’s critically lauded, million-copy bestseller shares the experiences, habits, and convictions that have shaped him and his work.  “Long live the King” hailed Entertainment Weekly upon publication of Stephen King’s On Writing. Part memoir, part master class by one of the bestselling authors of all time, this superb volume is a revealing and practical view of the writer’s craft, comprising the basic tools of the trade every writer must have. King’s advice is grounded in his vivid memories from childhood through his emergence as a writer, from his struggling early career to his widely reported, near-fatal accident in 1999—and how the inextricable link between writing and living spurred his recovery. Brilliantly structured, friendly and inspiring, On Writing will empower and entertain everyone who reads it—fans, writers, and anyone who loves a great story well told.;https://www.google.de/books/edition/On_Writing/TlzhDwAAQBAJ?hl=de&gbpv=0
Der große Sommer: Roman;Ewald Arenz;Die Zeichen auf einen entspannten Sommer stehen schlecht für Frieder: Nachprüfungen in Mathe und Latein. Damit fällt der Familienurlaub für ihn aus. Ausgerechnet beim gestrengen Großvater muss er lernen. Doch zum Glück gibt es Alma, Johann – und Beate, das Mädchen im flaschengrünen Badeanzug. In diesen Wochen erlebt Frieder alles: Freundschaft und Angst, Respekt und Vertrauen, Liebe und Tod. Ein großer Sommer, der sein ganzes Leben prägen wird. Hellsichtig, klug und stets beglückend erzählt Ewald Arenz von den Momenten, die uns für immer verändern.;https://www.google.de/books/edition/Der_gro%C3%9Fe_Sommer/uCEJEAAAQBAJ?hl=de&gbpv=0
A Degree in a Book: Electrical And Mechanical Engineering: Everything You ...;David Baker;A concise introduction to all the key tenets of electrical and mechanical engineering degree course, written by former NASA engineer Dr David Baker. A Degree in a Book: Electrical and Mechanical Engineering is presented in an attractive landscape format in full-color. With timelines, feature spreads and information boxes, readers will quickly get to grips with the fundamentals of electrical and mechanical engineering and their practical applications.Covering Newtonian mechanics, nuclear engineering, artificial intelligence, 3D printing and more, this essential guide brings clarity to complex ideas. David Baker delves into the history and development of this far-reaching subject as well as the challenges of the future such as environmental responsibility. Complete with a useful glossary of key terms, this holistic introduction will equip students and laypeople alike with the knowledge of an engineering graduate.  ABOUT THE SERIES: Get the knowledge of a degree for the price of a book with Arcturus Publishing's A Degree in a Book series. Written by experts in their fields, these highly visual guides feature handy timelines, information boxes, feature spreads and margin annotations, allowing readers to get to grips with complex subjects in no time.;https://books.google.de/books/about/A_Degree_in_a_Book_Electrical_And_Mechan.html?id=vmYQEAAAQBAJ&redir_esc=y
Why Economies Rise Or Fall;Peter Louis Rodriguez;How can a nation create the conditions for economic growth and prosperity, improving people's lives on both the individual and national levels? And what, once these conditions are achieved, can it do to sustain this progress? Do any of the many "isms" under which we organize our economic philosophies hold the answer? While an insightful understanding of different economic approaches has always been essential for policymakers, it is equally important for those of us who might not steer the economy but must still live and function within it. Such an understanding is the key to making sense of not only economic events but of "noneconomic" news as well, allowing us to anticipate the economic consequences that can impact both the nation's economy and one's personal economy. And, of course, it sharpens the judgment you already bring to your own discussions of the issues. In the 24 lectures of Why Economies Rise or Fall, Professor Peter Rodriguez of the University of Virginia guides you through a stimulating and, above all, accessible examination of what economists know and don't know about this elusive search for economic prosperity.;https://www.google.de/books/edition/Why_Economies_Rise_Or_Fall/EmqYSQAACAAJ?hl=de
How Big Things Get Done: The Surprising Factors Behind Every Successful ...;Bent Flyvbjerg, Dan Gardner;Best Books of the Year – The Financial Times and The EconomistShortlisted for the Financial Times and Schroders Business Book of the Year AwardWorld expert Bent Flyvbjerg and bestselling author Dan Gardner reveal the secrets to successfully planning and delivering ambitious projects on any scale.‘Important, timely, instructive and entertaining’ – Daniel Kahneman, bestselling author of Thinking, Fast and SlowNothing is more inspiring than a big vision that becomes a triumphant new reality. Think of how Apple’s iPod went from a project with a single employee to an enormously successful product launch in eleven months. But such successes are the exception. Consider how London’s Crossrail project delivered five years late and billions over budget. More modest endeavours, whether launching a small business, organizing a conference, or just finishing a work project on time, also commonly fail. Why?Understanding what distinguishes the triumphs from the failures has been the life’s work of Oxford professor Bent Flyvbjerg. In How Big Things Get Done, he identifies the errors that lead projects to fail, and the research-based principles that will make yours succeed:Understand your odds. If you don’t know them, you won’t win.Plan slow, act fast. Getting to the action quick feels right. But it’s wrong.Think right to left. Start with your goal, then identify the steps to get there.Find your Lego. Big is best built from small.Master the unknown unknowns. Most think they can’t, so they fail. Flyvbjerg shows how you can.Full of vivid examples ranging from the building of the Sydney Opera House to the making of the latest Pixar blockbusters, How Big Things Get Done reveals how to get any ambitious project done – on time and on budget.'Entertaining . . . compelling . . . there are lessons here for managers of all stripes' – The Economist;https://www.google.de/books/edition/How_Big_Things_Get_Done/nTWHEAAAQBAJ?hl=de&gbpv=0
Der Steppenwolf: Roman;Hermann Hesse;»Harry Haller ist in das kulturlose und unmenschliche Inferno unserer prunkenden und lärmenden Gegenwart vorgedrungen und steht mit seinem Begriff von Menschenwert... einsam außerhalb der bürgerlichen Gesellschaft. Seine Sehnsucht kennt eine unerreichbare Wirklichkeit: seine Verzweiflung treibt ihn zuweilen in die erreichbare andere zurück. Lust und Enttäuschung ihres Daseins führen in seinem Herzen und Hirn einen Kampf, an dem die Zivilisation Europas mit ihrem ganzen Bestände und Befunde teilnimmt.« Oskar Loerke;https://www.google.de/books/edition/Der_Steppenwolf/w8k7CgAAQBAJ?hl=de&gbpv=0
